layer,op,mean_sim,rho,slope,r2,p
0,+,0.17044233430255293,-0.9157464212678937,-0.006669898374658035,0.7320977082585214,2.6460354469033867e-24
0,-,0.23689603621653046,-0.363531015678255,-0.0023347092616969748,0.11620991151401419,0.0018443003753261292
0,*,0.1437158927332562,-0.931255086355005,-0.001935670199459774,0.6893427068997516,9.446513037611376e-22
0,/,0.22839516756021172,-0.9989412387506619,-0.009582189846312561,0.9657049219810796,7.286275244727076e-17
1,+,0.9127862708812957,-0.42908797312068286,-0.0010133408263600092,0.3951650293447708,3.312535617121211e-10
1,-,0.9257379787191723,-0.74459516822283,-0.001552904547154825,0.5424999509325233,4.630096765500111e-15
1,*,0.9121402593443373,-0.8330811278240371,-0.0003883785683479341,0.5671619508507576,5.078682461049507e-16
1,/,0.9225308637720092,-0.15854058661460418,-0.0015667804510624383,0.37141686239073507,0.0020217811214084053
2,+,0.8973165957618114,-0.6788569516672276,-0.0010700177587931571,0.530799897784092,1.268562317525668e-14
2,-,0.9133018293601926,-0.767972783483127,-0.0021475006811576595,0.5869120978434318,7.896712341221429e-17
2,*,0.8972854026552889,-0.8250486807202158,-0.00035946326338090565,0.6107888845978705,7.375131807131793e-18
2,/,0.9073288357235237,0.07671318707158266,-0.0006286376109958331,0.05090620476352678,0.3006049425453768
3,+,0.8250179135867148,-0.8127912057626787,-0.0018680097118192918,0.6816902939755292,2.483473390650796e-21
3,-,0.842858130158437,-0.8471440677222141,-0.0036382222933068475,0.7006569193500202,2.1648200221205385e-22
3,*,0.834363951538809,-0.8580935580460631,-0.00042186884475116165,0.6460056305283453,1.6947232504343517e-19
3,/,0.8498336418891014,0.2040570776104099,0.00035687628355349975,0.010253324323086788,0.6457149767515578
4,+,0.604693997810573,0.17344061166711586,0.00026352132867969437,0.0272777410617247,0.14062326021613347
4,-,0.6795017708894208,-0.8524221533381532,-0.020297301602897028,0.6912537595670037,7.393264110856892e-22
4,*,0.5904546834843497,-0.1513737816372747,-6.00804189098336e-05,0.030027785752488073,0.12184962869885184
4,/,0.6077524360975299,0.17950885774750344,0.00025178812341627494,0.006811255949628187,0.7081299399231982
5,+,0.6253681787466764,-0.05598621716649602,-0.00012590666480221914,0.005053658682476002,0.5282653880036763
5,-,0.6741954616128336,-0.8129724275864021,-0.012095132701966027,0.7004923224318397,2.212590896976418e-22
5,*,0.5768924000914507,-0.2709679940719482,-0.00012082970050958117,0.06141055005687615,0.025710676384350706
5,/,0.6129936053293903,-0.2664504697619638,-0.0012709078096019878,0.11698855509382242,0.11015804215157511
6,+,0.6392449062735925,-0.07210363311388099,1.2718728815579533e-05,2.9906725368455664e-05,0.9613546659137294
6,-,0.6834815482861187,-0.825895808890665,-0.007122097360988842,0.7030388633521969,1.5763790368520973e-22
6,*,0.6266707627762854,-0.0007456280011986068,-6.4236573457137775e-06,0.00013873691641928487,0.9168805638086157
6,/,0.6528251529010178,-0.21581976629471922,-0.0013539536363314768,0.08747590567842915,0.1706194394475264
7,+,0.6718862376592479,-0.27671439846139273,-0.0006556397965987278,0.06470682459593215,0.021926985192026505
7,-,0.6987787788527715,-0.6614030247698838,-0.002269207158304204,0.37785575728775755,1.0312360407628222e-09
7,*,0.6841752155739061,-0.17346018682429404,-9.915310784591613e-05,0.03323316982324181,0.10333910004503798
7,/,0.7101121320443128,-0.24548219862906454,-0.0017502535647163414,0.13611886033519377,0.0831955027088201
8,+,0.7111608053031637,-0.2082352018219764,-0.0004717277209794362,0.0413716856200403,0.0685705007506799
8,-,0.7195581455559983,0.6435186960411973,0.0020055561124417676,0.3055360634706039,8.768697490568726e-08
8,*,0.7389929114037151,-0.060870358643304444,-3.0056414857171505e-05,0.004475289964670845,0.5529229925068571
8,/,0.7536030121743115,-0.02505964111005034,-0.0006898840717527704,0.03517857202188719,0.3914534470687834
9,+,0.7386315025936194,-0.46492458876195203,-0.0010833262597843016,0.26492199063536603,8.842214030229758e-07
9,-,0.7475012272779148,0.6414119923404147,0.0018441585305234262,0.30784477796714804,7.66111893595194e-08
9,*,0.7862155338933168,-0.10520133253274887,-2.343284980150292e-05,0.005533579503196371,0.5092526548635665
9,/,0.7927948550700243,0.12785531178597112,-0.00020963867526985035,0.003167198300984617,0.7986847306007627
10,+,0.710043493251353,-0.49180205049290393,-0.0013257327942679839,0.30260806922880595,1.0400424211714819e-07
10,-,0.724906234175517,-0.4303112204308147,-0.0009277053575714836,0.14753962664682638,0.0004000077877483055
10,*,0.778264286481318,-0.1706358383349054,-3.488841435594385e-05,0.014793736109443656,0.27939775060332805
10,/,0.7738083578184599,0.2240025062490214,0.0004602663114639418,0.014513658523820805,0.5840027062226401
11,+,0.7003700332600277,-0.4650265260377963,-0.0011360920128991793,0.27382812627152137,5.38069671267709e-07
11,-,0.7227284688441877,-0.8059047764611961,-0.0030235081505235795,0.6104194394728147,7.658994640580313e-18
11,*,0.7574585443734956,-0.12485879801889395,-1.4392251942203854e-05,0.0028532081436521985,0.635781482668268
11,/,0.7477243252432517,0.35697203050643134,0.0010508969959453253,0.0882011842806117,0.16877358236926424
12,+,0.6908511055966804,-0.3118034740798036,-0.0007664958490039936,0.16592791286699843,0.0001605427053092671
12,-,0.7197210761279553,-0.8214785269374112,-0.005174193929182306,0.6817977385109731,2.4503889171969703e-21
12,*,0.7423811923740075,-0.06937729629334308,-5.746896362888683e-06,0.0005613817667001158,0.8337015902759957
12,/,0.7349869611884831,0.28179310717628037,0.001064074168040816,0.08181267231714169,0.1858042370763337
13,+,0.7174610070504562,-0.5776558894817851,-0.0010471051143162709,0.3747178289594352,1.2628923976646447e-09
13,-,0.7463631574779432,-0.778313753799334,-0.0049346464033958575,0.6461032589005512,1.6762370937511114e-19
13,*,0.7689660666304067,-0.20205389093086484,-3.595960505758685e-05,0.021401962386881856,0.19250430554267606
13,/,0.7635560753493825,0.43777658755516513,0.0015481998843151904,0.14904606208750443,0.06882972472369252
14,+,0.7489955078976557,-0.7014077423567874,-0.0013573801612070508,0.511764588425647,6.210078594196285e-14
14,-,0.773373977463894,-0.7677236034755076,-0.004674573342203846,0.6377278739398281,4.2493087317782086e-19
14,*,0.7919152013372207,-0.3235008759745773,-5.387686181192586e-05,0.053456889749452556,0.03782429456617972
14,/,0.7910130637060699,0.6438793501541505,0.0021998447948857534,0.29557196790300644,0.0073319166633527754
15,+,0.7846252969363618,-0.7331668669642837,-0.0014544276103377889,0.5534605939809021,1.7597247421876307e-15
15,-,0.801804638745798,-0.7524556648268252,-0.003292124284173414,0.546968312179259,3.129784921718481e-15
15,*,0.8229394923788272,-0.41975467249294285,-8.718641108102987e-05,0.104656065324423,0.003219590254172722
15,/,0.8190507206394283,0.5252296208167693,0.001656796871409311,0.20576551608512395,0.029704225714001692
16,+,0.8232951950110806,-0.7910898923718217,-0.001305294894633034,0.6133367789309774,5.678483561852389e-18
16,-,0.8392276438356687,-0.7545510421636251,-0.0026487738133631677,0.5359439041615773,8.169565057715916e-15
16,*,0.8517569981446205,-0.40651412677468884,-8.400633258122539e-05,0.08779399756655987,0.007234441289994197
16,/,0.852330840963442,0.5334123607710716,0.0015227907273586937,0.24055779638650257,0.017496935986113037
17,+,0.8432383603502244,-0.7974213298381522,-0.0013709362676924454,0.6269548443804254,1.3632463188395158e-18
17,-,0.8591163227430829,-0.7504282456739216,-0.002557470424787944,0.5361323847456063,8.038166640475178e-15
17,*,0.8678815150130814,-0.4836979222927022,-0.00010893754393639882,0.14256050138232593,0.0005110531916653831
17,/,0.8717746550806702,0.48022455106810746,0.0012888413070968373,0.22325672640601338,0.022803364399713665
18,+,0.8568896943782581,-0.8175482786354136,-0.0013489119820932775,0.6409906405025093,2.9651739419092634e-19
18,-,0.8724860619047631,-0.743994870931747,-0.0021641152665938324,0.5109904771482829,6.615891903226484e-14
18,*,0.8776098818500981,-0.4514212677559686,-0.00010969399922865133,0.11192449087836712,0.002268381755222148
18,/,0.883262382798816,0.4096484189622515,0.001218905554823967,0.21415819809942915,0.026175660247175173
19,+,0.8786771937283734,-0.8490582232352907,-0.0013136917897707094,0.6965939894189251,3.6975315950227217e-22
19,-,0.8940447031964504,-0.7489105129002395,-0.0020586067009355086,0.5389065157471317,6.326814757396784e-15
19,*,0.8936047527261848,-0.43009178796410535,-0.00010112472912973359,0.10149865965740631,0.0037475204573492
19,/,0.9011002147782708,0.39174867531221547,0.0010153105108658715,0.1915116855943048,0.03676533058406006
20,+,0.8862864661050931,-0.8474498795497469,-0.0013145451878230382,0.7115558067495084,4.9652507351910055e-23
20,-,0.9016855616321418,-0.7428962136254248,-0.00203949974100468,0.5299161033959919,1.3675400392340133e-14
20,*,0.8983501694723055,-0.44350179459172273,-0.00011107849893447896,0.10450832382055379,0.00324255778426627
20,/,0.9073181383373915,0.38714588408792044,0.0010583687276560715,0.21223457388783076,0.026947142116163714
21,+,0.8861103555756027,-0.841095789355451,-0.0013267102143911123,0.6961518024596822,3.9176726520246e-22
21,-,0.9021640003318164,-0.7440854818436085,-0.0020443589964877214,0.527839746927134,1.6306462211256734e-14
21,*,0.897455091780876,-0.4582900832821618,-0.00012705756235073637,0.11578552897393037,0.0018825251407522234
21,/,0.9072499492054173,0.39839715152508604,0.0011200537983596937,0.2105880226149034,0.027624710091744185
22,+,0.8867998599285504,-0.8592859299116706,-0.0015145706870716964,0.7245854252981644,7.928215844192056e-24
22,-,0.9027446368272435,-0.7288401959228916,-0.0016634662923381354,0.44515595598249597,1.0370466630221107e-11
22,*,0.8968906191931572,-0.45345479866832844,-0.00015842126966031378,0.12293975384983812,0.001331366774812718
22,/,0.9092118494216317,0.44186795753231617,0.00140675039038873,0.24132608287722845,0.01729085726983008
23,+,0.8891511137985445,-0.8428513757727699,-0.0015816413406206321,0.6985851310828481,2.846839108144518e-22
23,-,0.9045755318136123,-0.7059949197697817,-0.001532123350464257,0.40624965301090754,1.5746710962750297e-10
23,*,0.897595484120666,-0.4764336979779945,-0.00018597454756683472,0.1454548360695729,0.0004432661247515411
23,/,0.9107897953757447,0.4341966388251579,0.0014768596540805552,0.24317332620022722,0.016804724696438164
24,+,0.8887577045826077,-0.8346284355213283,-0.0016076728320565177,0.675198320362836,5.538791735068074e-21
24,-,0.9034387373813468,-0.6261893591476633,-0.0012683196581019234,0.3294475470105891,2.121476358057064e-08
24,*,0.896254601060387,-0.507524126149185,-0.00021200728286993142,0.16606574417902617,0.00015943963131899024
24,/,0.9104134846605652,0.4889187122695535,0.0016039790044309367,0.257935215070449,0.013358151333803336
25,+,0.8873620282691036,-0.8225771842437334,-0.0016490567857878236,0.6552445250051508,5.921939343256307e-20
25,-,0.9015212781393243,-0.5452285093993092,-0.0010488748558521016,0.24983030324415725,2.0271053078353108e-06
25,*,0.8934509720794404,-0.5015703995335535,-0.00023557978421512933,0.16994306689106817,0.00013128630042631302
25,/,0.9092428250108868,0.4894301335166974,0.001702733358429124,0.2568102118353186,0.013595317282870622
26,+,0.8871602229755898,-0.8012609672282881,-0.0016744675448298423,0.6166937110488241,4.013374450582621e-18
26,-,0.900249696209866,-0.40812287338870146,-0.000700835504018778,0.12870253809241752,0.001006212429815262
26,*,0.8925934998017705,-0.5057165431159762,-0.0002639533001227616,0.17286379769843196,0.00011336325085275395
26,/,0.909208884753899,0.5467093131968125,0.001805406994843039,0.26420791455434817,0.012105595851354943
27,+,0.8868182445550815,-0.7737718818422704,-0.001611921631886752,0.5774621318005808,1.944654719091298e-16
27,-,0.8988258998836699,-0.32326575443029804,-0.0004980272065271024,0.0737178930050339,0.014212000408476377
27,*,0.8909360513017074,-0.5023951092924551,-0.00029308946741456594,0.17951211989516624,8.104948437211474e-05
27,/,0.9087562615019401,0.6091027053483664,0.0019973649479407777,0.2766561301587263,0.009939671501865484
28,+,0.8828690833827834,-0.7689241980576739,-0.00171659431635104,0.5702947565026976,3.801814365577054e-16
28,-,0.8939149988775305,-0.10704546600051669,-0.00010321965519677612,0.0031289943348882547,0.6198940275424856
28,*,0.8865129874680807,-0.5045642089323056,-0.0003284822633185567,0.1826943586807043,6.89744733318585e-05
28,/,0.9062377530891292,0.6300709764812656,0.0022516265639418672,0.28608285762148666,0.008547413378116429
29,+,0.8818860097378068,-0.7650958870315206,-0.0018084725512773018,0.557383899098957,1.2376248143334783e-15
29,-,0.8913949889289693,0.06528516199629437,0.000257467200383323,0.016830971467823162,0.2483582091488673
29,*,0.8842331295349721,-0.5144607260391234,-0.00036550030998218797,0.1879555713086882,5.2771474314176775e-05
29,/,0.9057413766525204,0.673030361241352,0.002427877663817036,0.28317507168977435,0.008956066588297208
30,+,0.8784820374760078,-0.7463734073681143,-0.0017835788731763833,0.5392455838282069,6.1437719156163075e-15
30,-,0.8865459441901538,0.24527241204541197,0.0006504122501787046,0.09078875453086602,0.006266632704187408
30,*,0.8798549157430623,-0.5148335400397228,-0.00038615947031664296,0.18914518647854872,4.9662083223935135e-05
30,/,0.9021588990144501,0.6663818850284814,0.0025885325142493295,0.2740182781520245,0.010365748155888468
31,+,0.8753640911724344,-0.7432360045449057,-0.001873064340538986,0.5263772700999237,1.8449658512181437e-14
31,-,0.8817309744693036,0.3965813084903281,0.0011276507255975731,0.19880812552962238,3.024594638522056e-05
31,*,0.8769375423465303,-0.5203240735030943,-0.00041130739032490995,0.1946575018159663,3.744730600020371e-05
31,/,0.9004531948479105,0.6822359436899419,0.002796682765501914,0.28073308704376826,0.009313318278010557
32,+,0.8704150903513657,-0.7393057562429082,-0.0019356664896250965,0.5235083549545453,2.348122950599467e-14
32,-,0.8759294327846856,0.48052099196613274,0.0014602710963646226,0.2637443423610033,9.43868122647421e-07
32,*,0.871267947476274,-0.5196349324716835,-0.0004327714409859625,0.18806025858837683,5.249034911301554e-05
32,/,0.8967611804548451,0.6934872111271074,0.002875161730354842,0.2762348125336417,0.010006603545298276
33,+,0.8585586767377716,-0.7412085853920022,-0.002104961033781052,0.5238877860492144,2.2745989988838366e-14
33,-,0.860434510151515,0.6756402642961403,0.0025510681688174744,0.4221978186991798,5.274891092278445e-11
33,*,0.8565862934247641,-0.5145398077968263,-0.0005133112751309785,0.1884088747170653,5.156473740052315e-05
33,/,0.8857667353434104,0.7001356873399778,0.0033725875008227832,0.2618491533344068,0.012563038261341928
34,+,0.8550117220528947,-0.7565784613165288,-0.0020143682423276405,0.5525512975528999,1.9084612529515945e-15
34,-,0.8512191107732803,0.7504962038578178,0.003839657586178243,0.5420735676845939,4.805447238404616e-15
34,*,0.8453850239753864,-0.521397325929062,-0.0005806641281378073,0.1942569532525229,3.822536220586104e-05
34,/,0.8772446132610251,0.6945100536213951,0.003859010101245556,0.24939837117960276,0.015259890635157368
35,+,0.8482613348858606,-0.7618225678405198,-0.0019070611666222644,0.567649041409261,4.855754550000237e-16
35,-,0.8407354157920963,0.7570768213317677,0.004688961968345766,0.5963379605532995,3.1488720227802486e-17
35,*,0.8319588919580264,-0.538851799593484,-0.000619925807736966,0.21020090764790036,1.6752639685818653e-05
35,/,0.8651349933799297,0.7349123321457619,0.00418415579645934,0.24483696956273293,0.01637799636653417
36,+,0.5454688864974039,0.49015972771541216,0.0030506432826101783,0.1792966194778381,8.193839305257311e-05
36,-,0.5397636265072567,0.6545958800162799,0.004968921051515152,0.3663285593680166,2.1607979915445135e-09
36,*,0.4180315598765583,0.6497018291050102,0.001265237693975008,0.3399929816610361,1.1176956797831262e-08
36,/,0.41831930965227726,0.38970299032364,0.010935696189389603,0.1416705369125744,0.07669279802182286
